Id,Core1Reactivity,TrainingReactivity_1,RFC_selection_Freq_1,Core2Reactivity,TrainingReactivity_2,RFC_selection_Freq_2,Core4Reactivity,TrainingReactivity_4,RFC_selection_Freq_4,Core8Reactivity,TrainingReactivity_8,RFC_selection_Freq_8,Core9Reactivity,TrainingReactivity_9,RFC_selection_Freq_9,Core10Reactivity,TrainingReactivity_10,RFC_selection_Freq_10,Core11Reactivity,TrainingReactivity_11,RFC_selection_Freq_11,Core13Reactivity,TrainingReactivity_13,RFC_selection_Freq_13
1,0,9,1,1,8,1,2,7,0,2,7,1,2,7,0,0,9,0,0,9,3,2,7,1
2,0,2,0,0,2,0,1,1,1,1,1,0,0,2,0,0,2,0,0,2,0,0,2,0
3,0,3,0,0,3,0,2,1,0,0,3,0,0,3,0,0,3,2,0,3,0,0,3,1
6,0,6,1,0,6,0,0,6,0,2,4,1,2,4,0,1,5,0,1,5,1,0,6,0
7,1,7,0,0,8,0,2,6,0,2,6,0,2,6,0,0,8,0,1,7,0,0,8,0
8,0,4,0,0,4,0,2,2,0,1,3,0,0,4,0,0,4,0,1,3,0,0,4,0
11,0,3,0,0,3,0,2,1,0,0,3,0,0,3,0,0,3,0,1,2,0,0,3,0
13,0,4,0,0,4,1,2,2,0,0,4,0,1,3,0,0,4,2,0,4,0,0,4,1
14,0,9,15,0,9,6,2,7,10,2,7,13,2,7,12,1,8,4,2,7,14,0,9,14
15,2,10,1,0,12,2,2,10,5,2,10,6,2,10,2,1,11,1,1,11,5,0,12,6
16,0,1,0,0,1,0,0,1,0,1,0,0,0,1,0,0,1,0,0,1,0,0,1,0
17,2,5,0,2,5,0,2,5,0,0,7,0,0,7,0,1,6,0,0,7,0,0,7,0
19,0,6,5,0,6,12,2,4,6,1,5,8,1,5,2,0,6,2,0,6,10,0,6,5
20,0,4,0,0,4,1,1,3,1,1,3,2,2,2,1,0,4,2,0,4,4,0,4,2
21,0,1,0,0,1,0,1,0,0,0,1,0,0,1,2,0,1,0,0,1,0,0,1,0
23,1,2,0,0,3,1,2,1,1,0,3,0,0,3,0,0,3,0,0,3,0,0,3,0
24,0,5,0,0,5,0,2,3,0,1,4,0,1,4,0,0,5,0,1,4,0,0,5,0
25,0,4,0,2,2,0,0,4,1,0,4,0,0,4,0,0,4,1,0,4,0,0,4,0
26,0,1,0,0,1,0,1,0,0,0,1,0,0,1,0,0,1,0,0,1,0,0,1,0
27,0,7,0,0,7,0,2,5,0,2,5,0,2,5,0,0,7,0,1,6,0,0,7,0
28,1,5,0,0,6,0,2,4,0,2,4,0,0,6,0,0,6,0,1,5,2,0,6,1
29,0,0,0,0,0,0,0,0,0,0,0,0,0,0,1,0,0,2,0,0,0,0,0,2
30,2,11,0,2,11,0,2,11,1,2,11,2,2,11,1,2,11,2,1,12,0,0,13,3
32,2,8,0,2,8,0,1,9,1,0,10,3,2,8,1,0,10,3,1,9,2,2,8,3
34,2,6,1,1,7,0,2,6,7,2,6,6,1,7,5,0,8,8,0,8,2,0,8,7
35,0,2,0,0,2,0,0,2,1,0,2,0,0,2,0,0,2,1,0,2,0,2,0,1
36,2,12,14,2,12,15,2,12,13,2,12,8,2,12,16,0,14,9,1,13,10,2,12,9
37,2,6,0,2,6,1,2,6,1,1,7,1,1,7,0,0,8,2,0,8,1,0,8,1
38,2,10,3,2,10,6,2,10,5,1,11,3,2,10,4,0,12,9,1,11,2,0,12,7
39,1,5,6,2,4,2,2,4,0,0,6,3,0,6,3,0,6,5,0,6,4,1,5,1
40,2,6,1,2,6,0,2,6,2,0,8,0,1,7,0,0,8,3,1,7,0,0,8,2
41,2,6,3,2,6,6,2,6,5,1,7,2,1,7,4,0,8,6,0,8,2,0,8,2
42,0,0,0,0,0,0,0,0,0,0,0,0,0,0,1,0,0,1,0,0,0,0,0,0
43,0,0,0,0,0,0,0,0,0,0,0,0,0,0,0,0,0,0,0,0,0,0,0,0
45,0,1,0,0,1,1,0,1,0,0,1,0,0,1,1,0,1,0,1,0,0,0,1,0
46,1,8,16,2,7,14,2,7,5,2,7,6,2,7,8,0,9,4,0,9,4,0,9,6
48,0,5,0,1,4,1,1,4,1,0,5,0,2,3,0,1,4,1,0,5,0,0,5,0
49,2,14,3,2,14,5,2,14,7,2,14,4,2,14,4,2,14,7,1,15,1,1,15,1
50,1,8,4,2,7,8,1,8,3,1,8,3,2,7,1,2,7,5,0,9,4,0,9,3
51,2,11,4,2,11,0,2,11,5,2,11,5,2,11,8,1,12,3,1,12,6,1,12,4
52,2,8,0,2,8,0,2,8,0,1,9,4,2,8,0,0,10,1,1,9,2,0,10,2
54,2,10,2,2,10,0,2,10,0,2,10,1,2,10,1,0,12,3,1,11,1,1,11,1
55,1,12,5,2,11,10,2,11,2,2,11,3,2,11,0,2,11,5,0,13,2,1,12,0
56,0,2,0,0,2,0,0,2,0,0,2,0,0,2,0,2,0,0,0,2,0,0,2,0
57,2,2,0,0,4,0,1,3,0,1,3,0,0,4,0,0,4,0,0,4,0,0,4,1
58,2,13,7,2,13,3,2,13,7,2,13,5,2,13,9,2,13,2,2,13,3,1,14,5
60,2,4,0,0,6,1,2,4,0,2,4,0,0,6,0,0,6,1,0,6,0,0,6,0
61,2,4,0,0,6,0,1,5,0,1,5,0,0,6,0,0,6,0,0,6,1,0,6,0
62,0,3,0,0,3,2,0,3,1,0,3,0,2,1,1,1,2,1,0,3,0,0,3,0
63,2,10,0,1,11,0,2,10,0,2,10,0,2,10,0,2,10,0,1,11,0,0,12,0
64,2,11,17,2,11,16,2,11,8,2,11,9,2,11,8,1,12,7,1,12,9,1,12,3
65,0,2,0,0,2,0,0,2,0,0,2,0,2,0,0,0,2,0,0,2,0,0,2,0
66,1,4,0,2,3,1,1,4,0,1,4,0,0,5,0,0,5,0,0,5,0,0,5,0
67,2,8,5,1,9,3,2,8,7,2,8,9,2,8,10,1,9,3,0,10,9,0,10,8
68,2,11,6,2,11,1,2,11,13,2,11,12,2,11,14,1,12,12,0,13,16,0,13,17
