Source,Target,Weight,Type
1,2,0.7083333333333334,Undirected
1,3,0.5833333333333334,Undirected
1,6,0.6666666666666666,Undirected
1,7,0.6666666666666666,Undirected
1,8,0.625,Undirected
1,11,0.5833333333333334,Undirected
1,13,0.625,Undirected
1,14,0.6666666666666666,Undirected
1,15,0.5,Undirected
1,16,0.7083333333333334,Undirected
1,17,0.5416666666666666,Undirected
1,19,0.5833333333333334,Undirected
1,20,0.7916666666666666,Undirected
1,21,0.6666666666666666,Undirected
1,23,0.5833333333333334,Undirected
1,24,0.6666666666666666,Undirected
1,25,0.625,Undirected
1,26,0.6666666666666666,Undirected
1,27,0.75,Undirected
1,28,0.5833333333333334,Undirected
1,29,0.6666666666666666,Undirected
1,30,0.625,Undirected
1,32,0.7083333333333334,Undirected
1,34,0.7916666666666666,Undirected
1,35,0.75,Undirected
1,36,0.7083333333333334,Undirected
1,37,0.7083333333333334,Undirected
1,38,0.5833333333333334,Undirected
1,39,0.6666666666666666,Undirected
1,40,0.5833333333333334,Undirected
1,41,0.7083333333333334,Undirected
1,42,0.6666666666666666,Undirected
1,43,0.6666666666666666,Undirected
1,45,0.5833333333333334,Undirected
1,46,0.7916666666666666,Undirected
1,48,0.75,Undirected
1,49,0.5833333333333334,Undirected
1,50,0.6666666666666666,Undirected
1,51,0.6666666666666666,Undirected
1,52,0.6666666666666666,Undirected
1,54,0.75,Undirected
1,55,0.6666666666666666,Undirected
1,56,0.5833333333333334,Undirected
1,57,0.625,Undirected
1,58,0.6666666666666666,Undirected
1,60,0.6666666666666666,Undirected
1,61,0.5416666666666666,Undirected
1,62,0.6666666666666666,Undirected
1,63,0.6666666666666666,Undirected
1,64,0.6666666666666666,Undirected
1,65,0.75,Undirected
1,66,0.6666666666666666,Undirected
1,67,0.75,Undirected
1,68,0.625,Undirected
2,3,0.8333333333333334,Undirected
2,6,0.7083333333333334,Undirected
2,7,0.7083333333333334,Undirected
2,8,0.9166666666666666,Undirected
2,11,0.8333333333333334,Undirected
2,13,0.75,Undirected
2,14,0.7083333333333334,Undirected
2,15,0.5416666666666666,Undirected
2,16,1.0,Undirected
2,17,0.6666666666666666,Undirected
2,19,0.75,Undirected
2,20,0.9166666666666666,Undirected
2,21,0.9166666666666666,Undirected
2,23,0.8333333333333334,Undirected
2,24,0.8333333333333334,Undirected
2,25,0.75,Undirected
2,26,0.9166666666666666,Undirected
2,27,0.7916666666666666,Undirected
2,28,0.7916666666666666,Undirected
2,29,0.9166666666666666,Undirected
2,30,0.5416666666666666,Undirected
2,32,0.5,Undirected
2,34,0.7083333333333334,Undirected
2,35,0.8333333333333334,Undirected
2,36,0.4583333333333333,Undirected
2,37,0.75,Undirected
2,38,0.5833333333333334,Undirected
2,39,0.6666666666666666,Undirected
2,40,0.5833333333333334,Undirected
2,41,0.75,Undirected
2,42,0.9166666666666666,Undirected
2,43,0.9166666666666666,Undirected
2,45,0.8333333333333334,Undirected
2,46,0.7083333333333334,Undirected
2,48,0.6666666666666666,Undirected
2,49,0.375,Undirected
2,50,0.6666666666666666,Undirected
2,51,0.4583333333333333,Undirected
2,52,0.6666666666666666,Undirected
2,54,0.5416666666666666,Undirected
2,55,0.4583333333333333,Undirected
2,56,0.8333333333333334,Undirected
2,57,0.9166666666666666,Undirected
2,58,0.4583333333333333,Undirected
2,60,0.875,Undirected
2,61,0.8333333333333334,Undirected
2,62,0.75,Undirected
2,63,0.5416666666666666,Undirected
2,64,0.4583333333333333,Undirected
2,65,0.8333333333333334,Undirected
2,66,0.8333333333333334,Undirected
2,67,0.625,Undirected
2,68,0.5416666666666666,Undirected
3,6,0.5833333333333334,Undirected
3,7,0.5833333333333334,Undirected
3,8,0.75,Undirected
3,11,0.8333333333333334,Undirected
3,13,0.75,Undirected
3,14,0.5833333333333334,Undirected
3,15,0.4166666666666667,Undirected
3,16,0.8333333333333334,Undirected
3,17,0.6666666666666666,Undirected
3,19,0.5833333333333334,Undirected
3,20,0.75,Undirected
3,21,0.9166666666666666,Undirected
3,23,0.8333333333333334,Undirected
3,24,0.6666666666666666,Undirected
3,25,0.75,Undirected
3,26,0.9166666666666666,Undirected
3,27,0.6666666666666666,Undirected
3,28,0.6666666666666666,Undirected
3,29,0.9166666666666666,Undirected
3,30,0.4166666666666667,Undirected
3,32,0.5,Undirected
3,34,0.5833333333333334,Undirected
3,35,0.8333333333333334,Undirected
3,36,0.3333333333333333,Undirected
3,37,0.5833333333333334,Undirected
3,38,0.5416666666666666,Undirected
3,39,0.6666666666666666,Undirected
3,40,0.5833333333333334,Undirected
3,41,0.5833333333333334,Undirected
3,42,0.9166666666666666,Undirected
3,43,0.9166666666666666,Undirected
3,45,0.8333333333333334,Undirected
3,46,0.5833333333333334,Undirected
3,48,0.6666666666666666,Undirected
3,49,0.25,Undirected
3,50,0.5,Undirected
3,51,0.3333333333333333,Undirected
3,52,0.5,Undirected
3,54,0.4166666666666667,Undirected
3,55,0.5,Undirected
3,56,0.8333333333333334,Undirected
3,57,0.75,Undirected
3,58,0.3333333333333333,Undirected
3,60,0.75,Undirected
3,61,0.6666666666666666,Undirected
3,62,0.75,Undirected
3,63,0.4166666666666667,Undirected
3,64,0.3333333333333333,Undirected
3,65,0.8333333333333334,Undirected
3,66,0.6666666666666666,Undirected
3,67,0.5,Undirected
3,68,0.4166666666666667,Undirected
6,7,0.8333333333333334,Undirected
6,8,0.7916666666666666,Undirected
6,11,0.75,Undirected
6,13,0.625,Undirected
6,14,0.9583333333333334,Undirected
6,15,0.8333333333333334,Undirected
6,16,0.7083333333333334,Undirected
6,17,0.5833333333333334,Undirected
6,19,0.5833333333333334,Undirected
6,20,0.7916666666666666,Undirected
6,21,0.6666666666666666,Undirected
6,23,0.5833333333333334,Undirected
6,24,0.8333333333333334,Undirected
6,25,0.5,Undirected
6,26,0.6666666666666666,Undirected
6,27,0.9166666666666666,Undirected
6,28,0.75,Undirected
6,29,0.6666666666666666,Undirected
6,30,0.7916666666666666,Undirected
6,32,0.5833333333333334,Undirected
6,34,0.625,Undirected
6,35,0.5833333333333334,Undirected
6,36,0.5833333333333334,Undirected
6,37,0.5833333333333334,Undirected
6,38,0.625,Undirected
6,39,0.4166666666666667,Undirected
6,40,0.625,Undirected
6,41,0.5833333333333334,Undirected
6,42,0.6666666666666666,Undirected
6,43,0.6666666666666666,Undirected
6,45,0.75,Undirected
6,46,0.6666666666666666,Undirected
6,48,0.75,Undirected
6,49,0.625,Undirected
6,50,0.6666666666666666,Undirected
6,51,0.75,Undirected
6,52,0.7083333333333334,Undirected
6,54,0.6666666666666666,Undirected
6,55,0.5416666666666666,Undirected
6,56,0.7083333333333334,Undirected
6,57,0.625,Undirected
6,58,0.6666666666666666,Undirected
6,60,0.6666666666666666,Undirected
6,61,0.5416666666666666,Undirected
6,62,0.8333333333333334,Undirected
6,63,0.7916666666666666,Undirected
6,64,0.75,Undirected
6,65,0.75,Undirected
6,66,0.5416666666666666,Undirected
6,67,0.75,Undirected
6,68,0.6666666666666666,Undirected
7,8,0.7916666666666666,Undirected
7,11,0.75,Undirected
7,13,0.625,Undirected
7,14,0.7916666666666666,Undirected
7,15,0.7916666666666666,Undirected
7,16,0.7083333333333334,Undirected
7,17,0.5416666666666666,Undirected
7,19,0.5833333333333334,Undirected
7,20,0.7916666666666666,Undirected
7,21,0.6666666666666666,Undirected
7,23,0.75,Undirected
7,24,0.8333333333333334,Undirected
7,25,0.5,Undirected
7,26,0.6666666666666666,Undirected
7,27,0.9166666666666666,Undirected
7,28,0.9166666666666666,Undirected
7,29,0.6666666666666666,Undirected
7,30,0.7916666666666666,Undirected
7,32,0.7083333333333334,Undirected
7,34,0.75,Undirected
7,35,0.5833333333333334,Undirected
7,36,0.7083333333333334,Undirected
7,37,0.7083333333333334,Undirected
7,38,0.75,Undirected
7,39,0.5833333333333334,Undirected
7,40,0.75,Undirected
7,41,0.7083333333333334,Undirected
7,42,0.6666666666666666,Undirected
7,43,0.6666666666666666,Undirected
7,45,0.75,Undirected
7,46,0.8333333333333334,Undirected
7,48,0.5833333333333334,Undirected
7,49,0.625,Undirected
7,50,0.7083333333333334,Undirected
7,51,0.7083333333333334,Undirected
7,52,0.8333333333333334,Undirected
7,54,0.7916666666666666,Undirected
7,55,0.5833333333333334,Undirected
7,56,0.5833333333333334,Undirected
7,57,0.75,Undirected
7,58,0.6666666666666666,Undirected
7,60,0.7916666666666666,Undirected
7,61,0.6666666666666666,Undirected
7,62,0.6666666666666666,Undirected
7,63,0.7916666666666666,Undirected
7,64,0.7083333333333334,Undirected
7,65,0.75,Undirected
7,66,0.7083333333333334,Undirected
7,67,0.7083333333333334,Undirected
7,68,0.625,Undirected
8,11,0.9166666666666666,Undirected
8,13,0.6666666666666666,Undirected
8,14,0.75,Undirected
8,15,0.625,Undirected
8,16,0.9166666666666666,Undirected
8,17,0.5833333333333334,Undirected
8,19,0.6666666666666666,Undirected
8,20,0.8333333333333334,Undirected
8,21,0.8333333333333334,Undirected
8,23,0.75,Undirected
8,24,0.9166666666666666,Undirected
8,25,0.6666666666666666,Undirected
8,26,0.8333333333333334,Undirected
8,27,0.875,Undirected
8,28,0.875,Undirected
8,29,0.8333333333333334,Undirected
8,30,0.625,Undirected
8,32,0.5833333333333334,Undirected
8,34,0.625,Undirected
8,35,0.75,Undirected
8,36,0.5416666666666666,Undirected
8,37,0.6666666666666666,Undirected
8,38,0.6666666666666666,Undirected
8,39,0.5833333333333334,Undirected
8,40,0.6666666666666666,Undirected
8,41,0.6666666666666666,Undirected
8,42,0.8333333333333334,Undirected
8,43,0.8333333333333334,Undirected
8,45,0.9166666666666666,Undirected
8,46,0.625,Undirected
8,48,0.5833333333333334,Undirected
8,49,0.4583333333333333,Undirected
8,50,0.5833333333333334,Undirected
8,51,0.5416666666666666,Undirected
8,52,0.75,Undirected
8,54,0.625,Undirected
8,55,0.375,Undirected
8,56,0.75,Undirected
8,57,0.8333333333333334,Undirected
8,58,0.5,Undirected
8,60,0.7916666666666666,Undirected
8,61,0.75,Undirected
8,62,0.6666666666666666,Undirected
8,63,0.625,Undirected
8,64,0.5416666666666666,Undirected
8,65,0.75,Undirected
8,66,0.75,Undirected
8,67,0.5416666666666666,Undirected
8,68,0.4583333333333333,Undirected
11,13,0.75,Undirected
11,14,0.7083333333333334,Undirected
11,15,0.5833333333333334,Undirected
11,16,0.8333333333333334,Undirected
11,17,0.6666666666666666,Undirected
11,19,0.5833333333333334,Undirected
11,20,0.75,Undirected
11,21,0.9166666666666666,Undirected
11,23,0.8333333333333334,Undirected
11,24,0.8333333333333334,Undirected
11,25,0.75,Undirected
11,26,0.9166666666666666,Undirected
11,27,0.8333333333333334,Undirected
11,28,0.8333333333333334,Undirected
11,29,0.9166666666666666,Undirected
11,30,0.5833333333333334,Undirected
11,32,0.6666666666666666,Undirected
11,34,0.5833333333333334,Undirected
11,35,0.8333333333333334,Undirected
11,36,0.5,Undirected
11,37,0.5833333333333334,Undirected
11,38,0.5833333333333334,Undirected
11,39,0.6666666666666666,Undirected
11,40,0.75,Undirected
11,41,0.5833333333333334,Undirected
11,42,0.9166666666666666,Undirected
11,43,0.9166666666666666,Undirected
11,45,1.0,Undirected
11,46,0.5833333333333334,Undirected
11,48,0.6666666666666666,Undirected
11,49,0.4166666666666667,Undirected
11,50,0.5,Undirected
11,51,0.5,Undirected
11,52,0.6666666666666666,Undirected
11,54,0.5833333333333334,Undirected
11,55,0.3333333333333333,Undirected
11,56,0.8333333333333334,Undirected
11,57,0.75,Undirected
11,58,0.4583333333333333,Undirected
11,60,0.75,Undirected
11,61,0.6666666666666666,Undirected
11,62,0.75,Undirected
11,63,0.5833333333333334,Undirected
11,64,0.5,Undirected
11,65,0.8333333333333334,Undirected
11,66,0.6666666666666666,Undirected
11,67,0.5,Undirected
11,68,0.4166666666666667,Undirected
13,14,0.625,Undirected
13,15,0.4583333333333333,Undirected
13,16,0.75,Undirected
13,17,0.5833333333333334,Undirected
13,19,0.6666666666666666,Undirected
13,20,0.7916666666666666,Undirected
13,21,0.8333333333333334,Undirected
13,23,0.75,Undirected
13,24,0.75,Undirected
13,25,0.7916666666666666,Undirected
13,26,0.8333333333333334,Undirected
13,27,0.7083333333333334,Undirected
13,28,0.5833333333333334,Undirected
13,29,0.8333333333333334,Undirected
13,30,0.4583333333333333,Undirected
13,32,0.5416666666666666,Undirected
13,34,0.6666666666666666,Undirected
13,35,0.75,Undirected
13,36,0.375,Undirected
13,37,0.6666666666666666,Undirected
13,38,0.4583333333333333,Undirected
13,39,0.5833333333333334,Undirected
13,40,0.6666666666666666,Undirected
13,41,0.6666666666666666,Undirected
13,42,0.8333333333333334,Undirected
13,43,0.8333333333333334,Undirected
13,45,0.75,Undirected
13,46,0.625,Undirected
13,48,0.7083333333333334,Undirected
13,49,0.4166666666666667,Undirected
13,50,0.5416666666666666,Undirected
13,51,0.375,Undirected
13,52,0.5416666666666666,Undirected
13,54,0.4583333333333333,Undirected
13,55,0.375,Undirected
13,56,0.75,Undirected
13,57,0.6666666666666666,Undirected
13,58,0.375,Undirected
13,60,0.6666666666666666,Undirected
13,61,0.7083333333333334,Undirected
13,62,0.7916666666666666,Undirected
13,63,0.4583333333333333,Undirected
13,64,0.375,Undirected
13,65,0.875,Undirected
13,66,0.5833333333333334,Undirected
13,67,0.5416666666666666,Undirected
13,68,0.5833333333333334,Undirected
14,15,0.7916666666666666,Undirected
14,16,0.7083333333333334,Undirected
14,17,0.5833333333333334,Undirected
14,19,0.5833333333333334,Undirected
14,20,0.7916666666666666,Undirected
14,21,0.6666666666666666,Undirected
14,23,0.5833333333333334,Undirected
14,24,0.7916666666666666,Undirected
14,25,0.5,Undirected
14,26,0.6666666666666666,Undirected
14,27,0.875,Undirected
14,28,0.7083333333333334,Undirected
14,29,0.6666666666666666,Undirected
14,30,0.75,Undirected
14,32,0.5416666666666666,Undirected
14,34,0.625,Undirected
14,35,0.5833333333333334,Undirected
14,36,0.5416666666666666,Undirected
14,37,0.5833333333333334,Undirected
14,38,0.5833333333333334,Undirected
14,39,0.4166666666666667,Undirected
14,40,0.5833333333333334,Undirected
14,41,0.5833333333333334,Undirected
14,42,0.6666666666666666,Undirected
14,43,0.6666666666666666,Undirected
14,45,0.7083333333333334,Undirected
14,46,0.6666666666666666,Undirected
14,48,0.75,Undirected
14,49,0.5833333333333334,Undirected
14,50,0.6666666666666666,Undirected
14,51,0.7083333333333334,Undirected
14,52,0.6666666666666666,Undirected
14,54,0.625,Undirected
14,55,0.5416666666666666,Undirected
14,56,0.7083333333333334,Undirected
14,57,0.625,Undirected
14,58,0.7083333333333334,Undirected
14,60,0.6666666666666666,Undirected
14,61,0.5416666666666666,Undirected
14,62,0.8333333333333334,Undirected
14,63,0.75,Undirected
14,64,0.7083333333333334,Undirected
14,65,0.75,Undirected
14,66,0.5416666666666666,Undirected
14,67,0.75,Undirected
14,68,0.6666666666666666,Undirected
15,16,0.5416666666666666,Undirected
15,17,0.5833333333333334,Undirected
15,19,0.5416666666666666,Undirected
15,20,0.625,Undirected
15,21,0.5,Undirected
15,23,0.5416666666666666,Undirected
15,24,0.6666666666666666,Undirected
15,25,0.3333333333333333,Undirected
15,26,0.5,Undirected
15,27,0.75,Undirected
15,28,0.7083333333333334,Undirected
15,29,0.5,Undirected
15,30,0.7916666666666666,Undirected
15,32,0.5833333333333334,Undirected
15,34,0.625,Undirected
15,35,0.4166666666666667,Undirected
15,36,0.7083333333333334,Undirected
15,37,0.5833333333333334,Undirected
15,38,0.625,Undirected
15,39,0.375,Undirected
15,40,0.625,Undirected
15,41,0.5833333333333334,Undirected
15,42,0.5,Undirected
15,43,0.5,Undirected
15,45,0.5833333333333334,Undirected
15,46,0.625,Undirected
15,48,0.5833333333333334,Undirected
15,49,0.625,Undirected
15,50,0.625,Undirected
15,51,0.75,Undirected
15,52,0.7083333333333334,Undirected
15,54,0.6666666666666666,Undirected
15,55,0.5,Undirected
15,56,0.5416666666666666,Undirected
15,57,0.625,Undirected
15,58,0.6666666666666666,Undirected
15,60,0.6666666666666666,Undirected
15,61,0.5416666666666666,Undirected
15,62,0.6666666666666666,Undirected
15,63,0.7916666666666666,Undirected
15,64,0.75,Undirected
15,65,0.5833333333333334,Undirected
15,66,0.5,Undirected
15,67,0.75,Undirected
15,68,0.6666666666666666,Undirected
16,17,0.6666666666666666,Undirected
16,19,0.75,Undirected
16,20,0.9166666666666666,Undirected
16,21,0.9166666666666666,Undirected
16,23,0.8333333333333334,Undirected
16,24,0.8333333333333334,Undirected
16,25,0.75,Undirected
16,26,0.9166666666666666,Undirected
16,27,0.7916666666666666,Undirected
16,28,0.7916666666666666,Undirected
16,29,0.9166666666666666,Undirected
16,30,0.5416666666666666,Undirected
16,32,0.5,Undirected
16,34,0.7083333333333334,Undirected
16,35,0.8333333333333334,Undirected
16,36,0.4583333333333333,Undirected
16,37,0.75,Undirected
16,38,0.5833333333333334,Undirected
16,39,0.6666666666666666,Undirected
16,40,0.5833333333333334,Undirected
16,41,0.75,Undirected
16,42,0.9166666666666666,Undirected
16,43,0.9166666666666666,Undirected
16,45,0.8333333333333334,Undirected
16,46,0.7083333333333334,Undirected
16,48,0.6666666666666666,Undirected
16,49,0.375,Undirected
16,50,0.6666666666666666,Undirected
16,51,0.4583333333333333,Undirected
16,52,0.6666666666666666,Undirected
16,54,0.5416666666666666,Undirected
16,55,0.4583333333333333,Undirected
16,56,0.8333333333333334,Undirected
16,57,0.9166666666666666,Undirected
16,58,0.4583333333333333,Undirected
16,60,0.875,Undirected
16,61,0.8333333333333334,Undirected
16,62,0.75,Undirected
16,63,0.5416666666666666,Undirected
16,64,0.4583333333333333,Undirected
16,65,0.8333333333333334,Undirected
16,66,0.8333333333333334,Undirected
16,67,0.625,Undirected
16,68,0.5416666666666666,Undirected
17,19,0.4166666666666667,Undirected
17,20,0.5833333333333334,Undirected
17,21,0.75,Undirected
17,23,0.7916666666666666,Undirected
17,24,0.5,Undirected
17,25,0.75,Undirected
17,26,0.75,Undirected
17,27,0.5,Undirected
17,28,0.625,Undirected
17,29,0.75,Undirected
17,30,0.7083333333333334,Undirected
17,32,0.6666666666666666,Undirected
17,34,0.7083333333333334,Undirected
17,35,0.6666666666666666,Undirected
17,36,0.5,Undirected
17,37,0.75,Undirected
17,38,0.5833333333333334,Undirected
17,39,0.7916666666666666,Undirected
17,40,0.75,Undirected
17,41,0.75,Undirected
17,42,0.75,Undirected
17,43,0.75,Undirected
17,45,0.6666666666666666,Undirected
17,46,0.7083333333333334,Undirected
17,48,0.7916666666666666,Undirected
17,49,0.5416666666666666,Undirected
17,50,0.75,Undirected
17,51,0.6666666666666666,Undirected
17,52,0.6666666666666666,Undirected
17,54,0.5833333333333334,Undirected
17,55,0.5833333333333334,Undirected
17,56,0.7916666666666666,Undirected
17,57,0.75,Undirected
17,58,0.625,Undirected
17,60,0.75,Undirected
17,61,0.6666666666666666,Undirected
17,62,0.75,Undirected
17,63,0.6666666666666666,Undirected
17,64,0.6666666666666666,Undirected
17,65,0.6666666666666666,Undirected
17,66,0.7916666666666666,Undirected
17,67,0.7916666666666666,Undirected
17,68,0.75,Undirected
19,20,0.7916666666666666,Undirected
19,21,0.6666666666666666,Undirected
19,23,0.5833333333333334,Undirected
19,24,0.75,Undirected
19,25,0.5,Undirected
19,26,0.6666666666666666,Undirected
19,27,0.6666666666666666,Undirected
19,28,0.5416666666666666,Undirected
19,29,0.6666666666666666,Undirected
19,30,0.4166666666666667,Undirected
19,32,0.375,Undirected
19,34,0.625,Undirected
19,35,0.5833333333333334,Undirected
19,36,0.5,Undirected
19,37,0.6666666666666666,Undirected
19,38,0.4583333333333333,Undirected
19,39,0.4166666666666667,Undirected
19,40,0.5,Undirected
19,41,0.6666666666666666,Undirected
19,42,0.6666666666666666,Undirected
19,43,0.6666666666666666,Undirected
19,45,0.5833333333333334,Undirected
19,46,0.5833333333333334,Undirected
19,48,0.5416666666666666,Undirected
19,49,0.25,Undirected
19,50,0.5416666666666666,Undirected
19,51,0.3333333333333333,Undirected
19,52,0.5416666666666666,Undirected
19,54,0.4166666666666667,Undirected
19,55,0.3333333333333333,Undirected
19,56,0.5833333333333334,Undirected
19,57,0.6666666666666666,Undirected
19,58,0.3333333333333333,Undirected
19,60,0.625,Undirected
19,61,0.5833333333333334,Undirected
19,62,0.625,Undirected
19,63,0.4166666666666667,Undirected
19,64,0.3333333333333333,Undirected
19,65,0.7083333333333334,Undirected
19,66,0.5833333333333334,Undirected
19,67,0.5,Undirected
19,68,0.4166666666666667,Undirected
20,21,0.8333333333333334,Undirected
20,23,0.75,Undirected
20,24,0.875,Undirected
20,25,0.6666666666666666,Undirected
20,26,0.8333333333333334,Undirected
20,27,0.875,Undirected
20,28,0.7083333333333334,Undirected
20,29,0.8333333333333334,Undirected
20,30,0.625,Undirected
20,32,0.5833333333333334,Undirected
20,34,0.75,Undirected
20,35,0.75,Undirected
20,36,0.5416666666666666,Undirected
20,37,0.7916666666666666,Undirected
20,38,0.6666666666666666,Undirected
20,39,0.5833333333333334,Undirected
20,40,0.625,Undirected
20,41,0.7916666666666666,Undirected
20,42,0.8333333333333334,Undirected
20,43,0.8333333333333334,Undirected
20,45,0.75,Undirected
20,46,0.7916666666666666,Undirected
20,48,0.75,Undirected
20,49,0.4583333333333333,Undirected
20,50,0.75,Undirected
20,51,0.5416666666666666,Undirected
20,52,0.75,Undirected
20,54,0.625,Undirected
20,55,0.5416666666666666,Undirected
20,56,0.75,Undirected
20,57,0.8333333333333334,Undirected
20,58,0.5416666666666666,Undirected
20,60,0.7916666666666666,Undirected
20,61,0.75,Undirected
20,62,0.8333333333333334,Undirected
20,63,0.625,Undirected
20,64,0.5416666666666666,Undirected
20,65,0.9166666666666666,Undirected
20,66,0.75,Undirected
20,67,0.7083333333333334,Undirected
20,68,0.625,Undirected
21,23,0.9166666666666666,Undirected
21,24,0.75,Undirected
21,25,0.8333333333333334,Undirected
21,26,1.0,Undirected
21,27,0.75,Undirected
21,28,0.75,Undirected
21,29,1.0,Undirected
21,30,0.5,Undirected
21,32,0.5833333333333334,Undirected
21,34,0.6666666666666666,Undirected
21,35,0.9166666666666666,Undirected
21,36,0.4166666666666667,Undirected
21,37,0.6666666666666666,Undirected
21,38,0.5,Undirected
21,39,0.75,Undirected
21,40,0.6666666666666666,Undirected
21,41,0.6666666666666666,Undirected
21,42,1.0,Undirected
21,43,1.0,Undirected
21,45,0.9166666666666666,Undirected
21,46,0.6666666666666666,Undirected
21,48,0.75,Undirected
21,49,0.3333333333333333,Undirected
21,50,0.5833333333333334,Undirected
21,51,0.4166666666666667,Undirected
21,52,0.5833333333333334,Undirected
21,54,0.5,Undirected
21,55,0.4166666666666667,Undirected
21,56,0.9166666666666666,Undirected
21,57,0.8333333333333334,Undirected
21,58,0.4166666666666667,Undirected
21,60,0.8333333333333334,Undirected
21,61,0.75,Undirected
21,62,0.8333333333333334,Undirected
21,63,0.5,Undirected
21,64,0.4166666666666667,Undirected
21,65,0.9166666666666666,Undirected
21,66,0.75,Undirected
21,67,0.5833333333333334,Undirected
21,68,0.5,Undirected
23,24,0.6666666666666666,Undirected
23,25,0.75,Undirected
23,26,0.9166666666666666,Undirected
23,27,0.6666666666666666,Undirected
23,28,0.8333333333333334,Undirected
23,29,0.9166666666666666,Undirected
23,30,0.5416666666666666,Undirected
23,32,0.625,Undirected
23,34,0.7083333333333334,Undirected
23,35,0.8333333333333334,Undirected
23,36,0.4583333333333333,Undirected
23,37,0.7083333333333334,Undirected
23,38,0.5416666666666666,Undirected
23,39,0.8333333333333334,Undirected
23,40,0.7083333333333334,Undirected
23,41,0.7083333333333334,Undirected
23,42,0.9166666666666666,Undirected
23,43,0.9166666666666666,Undirected
23,45,0.8333333333333334,Undirected
23,46,0.75,Undirected
23,48,0.6666666666666666,Undirected
23,49,0.375,Undirected
23,50,0.6666666666666666,Undirected
23,51,0.4583333333333333,Undirected
23,52,0.625,Undirected
23,54,0.5416666666666666,Undirected
23,55,0.5,Undirected
23,56,0.8333333333333334,Undirected
23,57,0.875,Undirected
23,58,0.4583333333333333,Undirected
23,60,0.875,Undirected
23,61,0.7916666666666666,Undirected
23,62,0.75,Undirected
23,63,0.5416666666666666,Undirected
23,64,0.4583333333333333,Undirected
23,65,0.8333333333333334,Undirected
23,66,0.8333333333333334,Undirected
23,67,0.625,Undirected
23,68,0.5416666666666666,Undirected
24,25,0.5833333333333334,Undirected
24,26,0.75,Undirected
24,27,0.9166666666666666,Undirected
24,28,0.7916666666666666,Undirected
24,29,0.75,Undirected
24,30,0.6666666666666666,Undirected
24,32,0.625,Undirected
24,34,0.7083333333333334,Undirected
24,35,0.6666666666666666,Undirected
24,36,0.5833333333333334,Undirected
24,37,0.75,Undirected
24,38,0.7083333333333334,Undirected
24,39,0.5,Undirected
24,40,0.75,Undirected
24,41,0.75,Undirected
24,42,0.75,Undirected
24,43,0.75,Undirected
24,45,0.8333333333333334,Undirected
24,46,0.6666666666666666,Undirected
24,48,0.625,Undirected
24,49,0.5,Undirected
24,50,0.625,Undirected
24,51,0.5833333333333334,Undirected
24,52,0.7916666666666666,Undirected
24,54,0.6666666666666666,Undirected
24,55,0.4166666666666667,Undirected
24,56,0.6666666666666666,Undirected
24,57,0.75,Undirected
24,58,0.5416666666666666,Undirected
24,60,0.7083333333333334,Undirected
24,61,0.6666666666666666,Undirected
24,62,0.7083333333333334,Undirected
24,63,0.6666666666666666,Undirected
24,64,0.5833333333333334,Undirected
24,65,0.7916666666666666,Undirected
24,66,0.6666666666666666,Undirected
24,67,0.5833333333333334,Undirected
24,68,0.5,Undirected
25,26,0.8333333333333334,Undirected
25,27,0.5833333333333334,Undirected
25,28,0.5833333333333334,Undirected
25,29,0.8333333333333334,Undirected
25,30,0.5,Undirected
25,32,0.5833333333333334,Undirected
25,34,0.625,Undirected
25,35,0.75,Undirected
25,36,0.4166666666666667,Undirected
25,37,0.6666666666666666,Undirected
25,38,0.5,Undirected
25,39,0.75,Undirected
25,40,0.6666666666666666,Undirected
25,41,0.6666666666666666,Undirected
25,42,0.8333333333333334,Undirected
25,43,0.8333333333333334,Undirected
25,45,0.75,Undirected
25,46,0.6666666666666666,Undirected
25,48,0.7083333333333334,Undirected
25,49,0.5,Undirected
25,50,0.5833333333333334,Undirected
25,51,0.4166666666666667,Undirected
25,52,0.5833333333333334,Undirected
25,54,0.5,Undirected
25,55,0.4166666666666667,Undirected
25,56,0.75,Undirected
25,57,0.6666666666666666,Undirected
25,58,0.4166666666666667,Undirected
25,60,0.6666666666666666,Undirected
25,61,0.75,Undirected
25,62,0.6666666666666666,Undirected
25,63,0.4583333333333333,Undirected
25,64,0.4166666666666667,Undirected
25,65,0.75,Undirected
25,66,0.75,Undirected
25,67,0.5416666666666666,Undirected
25,68,0.6666666666666666,Undirected
26,27,0.75,Undirected
26,28,0.75,Undirected
26,29,1.0,Undirected
26,30,0.5,Undirected
26,32,0.5833333333333334,Undirected
26,34,0.6666666666666666,Undirected
26,35,0.9166666666666666,Undirected
26,36,0.4166666666666667,Undirected
26,37,0.6666666666666666,Undirected
26,38,0.5,Undirected
26,39,0.75,Undirected
26,40,0.6666666666666666,Undirected
26,41,0.6666666666666666,Undirected
26,42,1.0,Undirected
26,43,1.0,Undirected
26,45,0.9166666666666666,Undirected
26,46,0.6666666666666666,Undirected
26,48,0.75,Undirected
26,49,0.3333333333333333,Undirected
26,50,0.5833333333333334,Undirected
26,51,0.4166666666666667,Undirected
26,52,0.5833333333333334,Undirected
26,54,0.5,Undirected
26,55,0.4166666666666667,Undirected
26,56,0.9166666666666666,Undirected
26,57,0.8333333333333334,Undirected
26,58,0.4166666666666667,Undirected
26,60,0.8333333333333334,Undirected
26,61,0.75,Undirected
26,62,0.8333333333333334,Undirected
26,63,0.5,Undirected
26,64,0.4166666666666667,Undirected
26,65,0.9166666666666666,Undirected
26,66,0.75,Undirected
26,67,0.5833333333333334,Undirected
26,68,0.5,Undirected
27,28,0.8333333333333334,Undirected
27,29,0.75,Undirected
27,30,0.75,Undirected
27,32,0.6666666666666666,Undirected
27,34,0.7083333333333334,Undirected
27,35,0.6666666666666666,Undirected
27,36,0.6666666666666666,Undirected
27,37,0.6666666666666666,Undirected
27,38,0.7083333333333334,Undirected
27,39,0.5,Undirected
27,40,0.7083333333333334,Undirected
27,41,0.6666666666666666,Undirected
27,42,0.75,Undirected
27,43,0.75,Undirected
27,45,0.8333333333333334,Undirected
27,46,0.75,Undirected
27,48,0.6666666666666666,Undirected
27,49,0.5833333333333334,Undirected
27,50,0.625,Undirected
27,51,0.6666666666666666,Undirected
27,52,0.7916666666666666,Undirected
27,54,0.75,Undirected
27,55,0.5,Undirected
27,56,0.6666666666666666,Undirected
27,57,0.7083333333333334,Undirected
27,58,0.625,Undirected
27,60,0.75,Undirected
27,61,0.625,Undirected
27,62,0.75,Undirected
27,63,0.75,Undirected
27,64,0.6666666666666666,Undirected
27,65,0.8333333333333334,Undirected
27,66,0.625,Undirected
27,67,0.6666666666666666,Undirected
27,68,0.5833333333333334,Undirected
28,29,0.75,Undirected
28,30,0.7083333333333334,Undirected
28,32,0.625,Undirected
28,34,0.7083333333333334,Undirected
28,35,0.6666666666666666,Undirected
28,36,0.625,Undirected
28,37,0.6666666666666666,Undirected
28,38,0.6666666666666666,Undirected
28,39,0.6666666666666666,Undirected
28,40,0.7083333333333334,Undirected
28,41,0.6666666666666666,Undirected
28,42,0.75,Undirected
28,43,0.75,Undirected
28,45,0.8333333333333334,Undirected
28,46,0.75,Undirected
28,48,0.5,Undirected
28,49,0.5416666666666666,Undirected
28,50,0.625,Undirected
28,51,0.625,Undirected
28,52,0.75,Undirected
28,54,0.7083333333333334,Undirected
28,55,0.5,Undirected
28,56,0.6666666666666666,Undirected
28,57,0.8333333333333334,Undirected
28,58,0.5833333333333334,Undirected
28,60,0.875,Undirected
28,61,0.75,Undirected
28,62,0.5833333333333334,Undirected
28,63,0.7083333333333334,Undirected
28,64,0.625,Undirected
28,65,0.6666666666666666,Undirected
28,66,0.7916666666666666,Undirected
28,67,0.625,Undirected
28,68,0.5416666666666666,Undirected
29,30,0.5,Undirected
29,32,0.5833333333333334,Undirected
29,34,0.6666666666666666,Undirected
29,35,0.9166666666666666,Undirected
29,36,0.4166666666666667,Undirected
29,37,0.6666666666666666,Undirected
29,38,0.5,Undirected
29,39,0.75,Undirected
29,40,0.6666666666666666,Undirected
29,41,0.6666666666666666,Undirected
29,42,1.0,Undirected
29,43,1.0,Undirected
29,45,0.9166666666666666,Undirected
29,46,0.6666666666666666,Undirected
29,48,0.75,Undirected
29,49,0.3333333333333333,Undirected
29,50,0.5833333333333334,Undirected
29,51,0.4166666666666667,Undirected
29,52,0.5833333333333334,Undirected
29,54,0.5,Undirected
29,55,0.4166666666666667,Undirected
29,56,0.9166666666666666,Undirected
29,57,0.8333333333333334,Undirected
29,58,0.4166666666666667,Undirected
29,60,0.8333333333333334,Undirected
29,61,0.75,Undirected
29,62,0.8333333333333334,Undirected
29,63,0.5,Undirected
29,64,0.4166666666666667,Undirected
29,65,0.9166666666666666,Undirected
29,66,0.75,Undirected
29,67,0.5833333333333334,Undirected
29,68,0.5,Undirected
30,32,0.75,Undirected
30,34,0.75,Undirected
30,35,0.4166666666666667,Undirected
30,36,0.75,Undirected
30,37,0.75,Undirected
30,38,0.7916666666666666,Undirected
30,39,0.5416666666666666,Undirected
30,40,0.7916666666666666,Undirected
30,41,0.75,Undirected
30,42,0.5,Undirected
30,43,0.5,Undirected
30,45,0.5833333333333334,Undirected
30,46,0.7916666666666666,Undirected
30,48,0.6666666666666666,Undirected
30,49,0.8333333333333334,Undirected
30,50,0.8333333333333334,Undirected
30,51,0.875,Undirected
30,52,0.875,Undirected
30,54,0.8333333333333334,Undirected
30,55,0.7083333333333334,Undirected
30,56,0.5833333333333334,Undirected
30,57,0.625,Undirected
30,58,0.875,Undirected
30,60,0.6666666666666666,Undirected
30,61,0.5416666666666666,Undirected
30,62,0.625,Undirected
30,63,0.9583333333333334,Undirected
30,64,0.875,Undirected
30,65,0.5833333333333334,Undirected
30,66,0.6666666666666666,Undirected
30,67,0.8333333333333334,Undirected
30,68,0.7916666666666666,Undirected
32,34,0.6666666666666666,Undirected
32,35,0.6666666666666666,Undirected
32,36,0.8333333333333334,Undirected
32,37,0.7083333333333334,Undirected
32,38,0.75,Undirected
32,39,0.75,Undirected
32,40,0.875,Undirected
32,41,0.7083333333333334,Undirected
32,42,0.5833333333333334,Undirected
32,43,0.5833333333333334,Undirected
32,45,0.6666666666666666,Undirected
32,46,0.7083333333333334,Undirected
32,48,0.625,Undirected
32,49,0.7083333333333334,Undirected
32,50,0.625,Undirected
32,51,0.7916666666666666,Undirected
32,52,0.8333333333333334,Undirected
32,54,0.875,Undirected
32,55,0.5833333333333334,Undirected
32,56,0.5,Undirected
32,57,0.5833333333333334,Undirected
32,58,0.75,Undirected
32,60,0.5833333333333334,Undirected
32,61,0.5,Undirected
32,62,0.5833333333333334,Undirected
32,63,0.7083333333333334,Undirected
32,64,0.7916666666666666,Undirected
32,65,0.6666666666666666,Undirected
32,66,0.625,Undirected
32,67,0.625,Undirected
32,68,0.5833333333333334,Undirected
34,35,0.5833333333333334,Undirected
34,36,0.6666666666666666,Undirected
34,37,0.9166666666666666,Undirected
34,38,0.7083333333333334,Undirected
34,39,0.6666666666666666,Undirected
34,40,0.7916666666666666,Undirected
34,41,0.9166666666666666,Undirected
34,42,0.6666666666666666,Undirected
34,43,0.6666666666666666,Undirected
34,45,0.5833333333333334,Undirected
34,46,0.875,Undirected
34,48,0.7083333333333334,Undirected
34,49,0.5833333333333334,Undirected
34,50,0.75,Undirected
34,51,0.6666666666666666,Undirected
34,52,0.7916666666666666,Undirected
34,54,0.75,Undirected
34,55,0.625,Undirected
34,56,0.5833333333333334,Undirected
34,57,0.7916666666666666,Undirected
34,58,0.6666666666666666,Undirected
34,60,0.8333333333333334,Undirected
34,61,0.7083333333333334,Undirected
34,62,0.625,Undirected
34,63,0.7916666666666666,Undirected
34,64,0.6666666666666666,Undirected
34,65,0.7083333333333334,Undirected
34,66,0.7916666666666666,Undirected
34,67,0.875,Undirected
34,68,0.75,Undirected
35,36,0.5,Undirected
35,37,0.5833333333333334,Undirected
35,38,0.4166666666666667,Undirected
35,39,0.7916666666666666,Undirected
35,40,0.5833333333333334,Undirected
35,41,0.5833333333333334,Undirected
35,42,0.9166666666666666,Undirected
35,43,0.9166666666666666,Undirected
35,45,0.8333333333333334,Undirected
35,46,0.5833333333333334,Undirected
35,48,0.6666666666666666,Undirected
35,49,0.375,Undirected
35,50,0.5,Undirected
35,51,0.4583333333333333,Undirected
35,52,0.5,Undirected
35,54,0.5416666666666666,Undirected
35,55,0.4583333333333333,Undirected
35,56,0.8333333333333334,Undirected
35,57,0.75,Undirected
35,58,0.4583333333333333,Undirected
35,60,0.75,Undirected
35,61,0.6666666666666666,Undirected
35,62,0.75,Undirected
35,63,0.4166666666666667,Undirected
35,64,0.4583333333333333,Undirected
35,65,0.8333333333333334,Undirected
35,66,0.6666666666666666,Undirected
35,67,0.5,Undirected
35,68,0.4166666666666667,Undirected
36,37,0.6666666666666666,Undirected
36,38,0.7083333333333334,Undirected
36,39,0.5833333333333334,Undirected
36,40,0.7083333333333334,Undirected
36,41,0.6666666666666666,Undirected
36,42,0.4166666666666667,Undirected
36,43,0.4166666666666667,Undirected
36,45,0.5,Undirected
36,46,0.7083333333333334,Undirected
36,48,0.4583333333333333,Undirected
36,49,0.7083333333333334,Undirected
36,50,0.5833333333333334,Undirected
36,51,0.7916666666666666,Undirected
36,52,0.7916666666666666,Undirected
36,54,0.875,Undirected
36,55,0.5833333333333334,Undirected
36,56,0.3333333333333333,Undirected
36,57,0.5416666666666666,Undirected
36,58,0.75,Undirected
36,60,0.5833333333333334,Undirected
36,61,0.4583333333333333,Undirected
36,62,0.4166666666666667,Undirected
36,63,0.7083333333333334,Undirected
36,64,0.7916666666666666,Undirected
36,65,0.5,Undirected
36,66,0.5833333333333334,Undirected
36,67,0.625,Undirected
36,68,0.5833333333333334,Undirected
37,38,0.7916666666666666,Undirected
37,39,0.7083333333333334,Undirected
37,40,0.8333333333333334,Undirected
37,41,1.0,Undirected
37,42,0.6666666666666666,Undirected
37,43,0.6666666666666666,Undirected
37,45,0.5833333333333334,Undirected
37,46,0.875,Undirected
37,48,0.6666666666666666,Undirected
37,49,0.5833333333333334,Undirected
37,50,0.8333333333333334,Undirected
37,51,0.6666666666666666,Undirected
37,52,0.875,Undirected
37,54,0.75,Undirected
37,55,0.625,Undirected
37,56,0.5833333333333334,Undirected
37,57,0.8333333333333334,Undirected
37,58,0.6666666666666666,Undirected
37,60,0.7916666666666666,Undirected
37,61,0.75,Undirected
37,62,0.625,Undirected
37,63,0.7083333333333334,Undirected
37,64,0.6666666666666666,Undirected
37,65,0.7083333333333334,Undirected
37,66,0.875,Undirected
37,67,0.7916666666666666,Undirected
37,68,0.75,Undirected
38,39,0.5416666666666666,Undirected
38,40,0.7916666666666666,Undirected
38,41,0.7916666666666666,Undirected
38,42,0.5,Undirected
38,43,0.5,Undirected
38,45,0.5833333333333334,Undirected
38,46,0.75,Undirected
38,48,0.5416666666666666,Undirected
38,49,0.625,Undirected
38,50,0.7083333333333334,Undirected
38,51,0.7083333333333334,Undirected
38,52,0.9166666666666666,Undirected
38,54,0.7916666666666666,Undirected
38,55,0.625,Undirected
38,56,0.4166666666666667,Undirected
38,57,0.6666666666666666,Undirected
38,58,0.6666666666666666,Undirected
38,60,0.625,Undirected
38,61,0.5833333333333334,Undirected
38,62,0.5,Undirected
38,63,0.75,Undirected
38,64,0.7083333333333334,Undirected
38,65,0.5833333333333334,Undirected
38,66,0.7083333333333334,Undirected
38,67,0.6666666666666666,Undirected
38,68,0.625,Undirected
39,40,0.7083333333333334,Undirected
39,41,0.7083333333333334,Undirected
39,42,0.75,Undirected
39,43,0.75,Undirected
39,45,0.6666666666666666,Undirected
39,46,0.75,Undirected
39,48,0.625,Undirected
39,49,0.5416666666666666,Undirected
39,50,0.6666666666666666,Undirected
39,51,0.625,Undirected
39,52,0.625,Undirected
39,54,0.7083333333333334,Undirected
39,55,0.6666666666666666,Undirected
39,56,0.6666666666666666,Undirected
39,57,0.7083333333333334,Undirected
39,58,0.625,Undirected
39,60,0.7083333333333334,Undirected
39,61,0.625,Undirected
39,62,0.5833333333333334,Undirected
39,63,0.5,Undirected
39,64,0.625,Undirected
39,65,0.6666666666666666,Undirected
39,66,0.8333333333333334,Undirected
39,67,0.5833333333333334,Undirected
39,68,0.5416666666666666,Undirected
40,41,0.8333333333333334,Undirected
40,42,0.6666666666666666,Undirected
40,43,0.6666666666666666,Undirected
40,45,0.75,Undirected
40,46,0.75,Undirected
40,48,0.6666666666666666,Undirected
40,49,0.625,Undirected
40,50,0.6666666666666666,Undirected
40,51,0.7083333333333334,Undirected
40,52,0.875,Undirected
40,54,0.7916666666666666,Undirected
40,55,0.5,Undirected
40,56,0.5833333333333334,Undirected
40,57,0.6666666666666666,Undirected
40,58,0.6666666666666666,Undirected
40,60,0.6666666666666666,Undirected
40,61,0.5833333333333334,Undirected
40,62,0.625,Undirected
40,63,0.75,Undirected
40,64,0.7083333333333334,Undirected
40,65,0.7083333333333334,Undirected
40,66,0.7083333333333334,Undirected
40,67,0.6666666666666666,Undirected
40,68,0.625,Undirected
41,42,0.6666666666666666,Undirected
41,43,0.6666666666666666,Undirected
41,45,0.5833333333333334,Undirected
41,46,0.875,Undirected
41,48,0.6666666666666666,Undirected
41,49,0.5833333333333334,Undirected
41,50,0.8333333333333334,Undirected
41,51,0.6666666666666666,Undirected
41,52,0.875,Undirected
41,54,0.75,Undirected
41,55,0.625,Undirected
41,56,0.5833333333333334,Undirected
41,57,0.8333333333333334,Undirected
41,58,0.6666666666666666,Undirected
41,60,0.7916666666666666,Undirected
41,61,0.75,Undirected
41,62,0.625,Undirected
41,63,0.7083333333333334,Undirected
41,64,0.6666666666666666,Undirected
41,65,0.7083333333333334,Undirected
41,66,0.875,Undirected
41,67,0.7916666666666666,Undirected
41,68,0.75,Undirected
42,43,1.0,Undirected
42,45,0.9166666666666666,Undirected
42,46,0.6666666666666666,Undirected
42,48,0.75,Undirected
42,49,0.3333333333333333,Undirected
42,50,0.5833333333333334,Undirected
42,51,0.4166666666666667,Undirected
42,52,0.5833333333333334,Undirected
42,54,0.5,Undirected
42,55,0.4166666666666667,Undirected
42,56,0.9166666666666666,Undirected
42,57,0.8333333333333334,Undirected
42,58,0.4166666666666667,Undirected
42,60,0.8333333333333334,Undirected
42,61,0.75,Undirected
42,62,0.8333333333333334,Undirected
42,63,0.5,Undirected
42,64,0.4166666666666667,Undirected
42,65,0.9166666666666666,Undirected
42,66,0.75,Undirected
42,67,0.5833333333333334,Undirected
42,68,0.5,Undirected
43,45,0.9166666666666666,Undirected
43,46,0.6666666666666666,Undirected
43,48,0.75,Undirected
43,49,0.3333333333333333,Undirected
43,50,0.5833333333333334,Undirected
43,51,0.4166666666666667,Undirected
43,52,0.5833333333333334,Undirected
43,54,0.5,Undirected
43,55,0.4166666666666667,Undirected
43,56,0.9166666666666666,Undirected
43,57,0.8333333333333334,Undirected
43,58,0.4166666666666667,Undirected
43,60,0.8333333333333334,Undirected
43,61,0.75,Undirected
43,62,0.8333333333333334,Undirected
43,63,0.5,Undirected
43,64,0.4166666666666667,Undirected
43,65,0.9166666666666666,Undirected
43,66,0.75,Undirected
43,67,0.5833333333333334,Undirected
43,68,0.5,Undirected
45,46,0.5833333333333334,Undirected
45,48,0.6666666666666666,Undirected
45,49,0.4166666666666667,Undirected
45,50,0.5,Undirected
45,51,0.5,Undirected
45,52,0.6666666666666666,Undirected
45,54,0.5833333333333334,Undirected
45,55,0.3333333333333333,Undirected
45,56,0.8333333333333334,Undirected
45,57,0.75,Undirected
45,58,0.4583333333333333,Undirected
45,60,0.75,Undirected
45,61,0.6666666666666666,Undirected
45,62,0.75,Undirected
45,63,0.5833333333333334,Undirected
45,64,0.5,Undirected
45,65,0.8333333333333334,Undirected
45,66,0.6666666666666666,Undirected
45,67,0.5,Undirected
45,68,0.4166666666666667,Undirected
46,48,0.7083333333333334,Undirected
46,49,0.625,Undirected
46,50,0.875,Undirected
46,51,0.7083333333333334,Undirected
46,52,0.8333333333333334,Undirected
46,54,0.7916666666666666,Undirected
46,55,0.75,Undirected
46,56,0.5833333333333334,Undirected
46,57,0.75,Undirected
46,58,0.7083333333333334,Undirected
46,60,0.7916666666666666,Undirected
46,61,0.6666666666666666,Undirected
46,62,0.6666666666666666,Undirected
46,63,0.75,Undirected
46,64,0.7083333333333334,Undirected
46,65,0.75,Undirected
46,66,0.875,Undirected
46,67,0.8333333333333334,Undirected
46,68,0.7916666666666666,Undirected
48,49,0.5,Undirected
48,50,0.75,Undirected
48,51,0.625,Undirected
48,52,0.625,Undirected
48,54,0.5416666666666666,Undirected
48,55,0.5833333333333334,Undirected
48,56,0.7916666666666666,Undirected
48,57,0.5833333333333334,Undirected
48,58,0.5833333333333334,Undirected
48,60,0.5833333333333334,Undirected
48,61,0.5,Undirected
48,62,0.9166666666666666,Undirected
48,63,0.7083333333333334,Undirected
48,64,0.625,Undirected
48,65,0.8333333333333334,Undirected
48,66,0.625,Undirected
48,67,0.8333333333333334,Undirected
48,68,0.7083333333333334,Undirected
49,50,0.6666666666666666,Undirected
49,51,0.875,Undirected
49,52,0.7083333333333334,Undirected
49,54,0.8333333333333334,Undirected
49,55,0.7083333333333334,Undirected
49,56,0.4166666666666667,Undirected
49,57,0.4583333333333333,Undirected
49,58,0.875,Undirected
49,60,0.5,Undirected
49,61,0.5416666666666666,Undirected
49,62,0.4583333333333333,Undirected
49,63,0.7916666666666666,Undirected
49,64,0.875,Undirected
49,65,0.4166666666666667,Undirected
49,66,0.5,Undirected
49,67,0.6666666666666666,Undirected
49,68,0.7916666666666666,Undirected
50,51,0.7083333333333334,Undirected
50,52,0.7916666666666666,Undirected
50,54,0.6666666666666666,Undirected
50,55,0.7916666666666666,Undirected
50,56,0.6666666666666666,Undirected
50,57,0.7083333333333334,Undirected
50,58,0.75,Undirected
50,60,0.6666666666666666,Undirected
50,61,0.625,Undirected
50,62,0.7083333333333334,Undirected
50,63,0.7916666666666666,Undirected
50,64,0.7083333333333334,Undirected
50,65,0.6666666666666666,Undirected
50,66,0.8333333333333334,Undirected
50,67,0.8333333333333334,Undirected
50,68,0.7916666666666666,Undirected
51,52,0.7916666666666666,Undirected
51,54,0.9166666666666666,Undirected
51,55,0.75,Undirected
51,56,0.4583333333333333,Undirected
51,57,0.5416666666666666,Undirected
51,58,0.9166666666666666,Undirected
51,60,0.5833333333333334,Undirected
51,61,0.4583333333333333,Undirected
51,62,0.5833333333333334,Undirected
51,63,0.8333333333333334,Undirected
51,64,1.0,Undirected
51,65,0.5,Undirected
51,66,0.5833333333333334,Undirected
51,67,0.7916666666666666,Undirected
51,68,0.75,Undirected
52,54,0.875,Undirected
52,55,0.5833333333333334,Undirected
52,56,0.5,Undirected
52,57,0.75,Undirected
52,58,0.75,Undirected
52,60,0.7083333333333334,Undirected
52,61,0.6666666666666666,Undirected
52,62,0.5833333333333334,Undirected
52,63,0.8333333333333334,Undirected
52,64,0.7916666666666666,Undirected
52,65,0.6666666666666666,Undirected
52,66,0.7916666666666666,Undirected
52,67,0.75,Undirected
52,68,0.7083333333333334,Undirected
54,55,0.7083333333333334,Undirected
54,56,0.4166666666666667,Undirected
54,57,0.625,Undirected
54,58,0.875,Undirected
54,60,0.6666666666666666,Undirected
54,61,0.5416666666666666,Undirected
54,62,0.5,Undirected
54,63,0.7916666666666666,Undirected
54,64,0.9166666666666666,Undirected
54,65,0.5833333333333334,Undirected
54,66,0.6666666666666666,Undirected
54,67,0.7083333333333334,Undirected
54,68,0.6666666666666666,Undirected
55,56,0.5,Undirected
55,57,0.5,Undirected
55,58,0.7916666666666666,Undirected
55,60,0.5416666666666666,Undirected
55,61,0.4166666666666667,Undirected
55,62,0.5416666666666666,Undirected
55,63,0.6666666666666666,Undirected
55,64,0.75,Undirected
55,65,0.5,Undirected
55,66,0.625,Undirected
55,67,0.7083333333333334,Undirected
55,68,0.6666666666666666,Undirected
56,57,0.75,Undirected
56,58,0.5,Undirected
56,60,0.75,Undirected
56,61,0.6666666666666666,Undirected
56,62,0.875,Undirected
56,63,0.5833333333333334,Undirected
56,64,0.4583333333333333,Undirected
56,65,0.8333333333333334,Undirected
56,66,0.6666666666666666,Undirected
56,67,0.625,Undirected
56,68,0.5416666666666666,Undirected
57,58,0.5416666666666666,Undirected
57,60,0.9583333333333334,Undirected
57,61,0.9166666666666666,Undirected
57,62,0.6666666666666666,Undirected
57,63,0.625,Undirected
57,64,0.5416666666666666,Undirected
57,65,0.75,Undirected
57,66,0.875,Undirected
57,67,0.7083333333333334,Undirected
57,68,0.625,Undirected
58,60,0.5833333333333334,Undirected
58,61,0.4583333333333333,Undirected
58,62,0.5416666666666666,Undirected
58,63,0.8333333333333334,Undirected
58,64,0.9166666666666666,Undirected
58,65,0.5,Undirected
58,66,0.5833333333333334,Undirected
58,67,0.75,Undirected
58,68,0.7083333333333334,Undirected
60,61,0.875,Undirected
60,62,0.6666666666666666,Undirected
60,63,0.6666666666666666,Undirected
60,64,0.5833333333333334,Undirected
60,65,0.75,Undirected
60,66,0.8333333333333334,Undirected
60,67,0.75,Undirected
60,68,0.6666666666666666,Undirected
61,62,0.5833333333333334,Undirected
61,63,0.5416666666666666,Undirected
61,64,0.4583333333333333,Undirected
61,65,0.6666666666666666,Undirected
61,66,0.7916666666666666,Undirected
61,67,0.625,Undirected
61,68,0.7083333333333334,Undirected
62,63,0.625,Undirected
62,64,0.5833333333333334,Undirected
62,65,0.9166666666666666,Undirected
62,66,0.5833333333333334,Undirected
62,67,0.75,Undirected
62,68,0.6666666666666666,Undirected
63,64,0.8333333333333334,Undirected
63,65,0.5833333333333334,Undirected
63,66,0.625,Undirected
63,67,0.875,Undirected
63,68,0.75,Undirected
64,65,0.5,Undirected
64,66,0.5833333333333334,Undirected
64,67,0.7916666666666666,Undirected
64,68,0.75,Undirected
65,66,0.6666666666666666,Undirected
65,67,0.6666666666666666,Undirected
65,68,0.5833333333333334,Undirected
66,67,0.7083333333333334,Undirected
66,68,0.6666666666666666,Undirected
67,68,0.875,Undirected
