reactant_2&smiles,HOMO,LUMO,dipole,NBO_B,NBO_C,Vbur,L,B1,B5,CB_length,Centroid,Cluster
CC(=O)Nc1ccc(B(O)O)cc1,-0.2376,-0.0407,5.4703,1.07963,-0.407,0.472983833,10.29210086,1.929939263,3.653901014,1.572738047,-1,0
CC(C)S(=O)(=O)c1ccc(B(O)O)cc1,-0.2878,-0.069,4.02,1.08135,-0.35902,0.473304137,10.29816926,2.305058243,4.784439284,1.581064816,-1,0
CC1(C)OB(c2ccc(NC(=O)c3ccccc3)cc2)OC1(C)C,-0.2244,-0.0542,3.1361,1.09162,-0.4093,0.648056047,13.39955823,3.209711974,3.917032849,1.546942482,-1,2
CC1(C)OB(c2ccc(OCC#N)cc2)OC1(C)C,-0.2391,-0.0287,3.8734,1.0923,-0.41074,0.648323938,9.024923309,3.202320435,4.755944918,1.548182152,-1,0
CC1(C)OB(c2cccc(C(=O)c3ccccc3)c2)OC1(C)C,-0.2477,-0.0665,2.7384,1.09493,-0.38461,0.648690831,10.73131321,3.227147512,5.818468986,1.553394077,-1,7
CC1(C)OB(c2ccccc2)OC1(C)C,-0.2502,-0.0284,1.8466,1.09597,-0.39161,0.649529445,6.947156308,3.184884712,3.919208194,1.551101426,-1,2
CCOc1cc(B(O)O)ccc1F,-0.2291,-0.0308,3.0426,1.08365,-0.38178,0.473962216,7.56847585,1.799116346,6.376172714,1.564743069,-1,1
CN(C)C(=O)c1cccc(B(O)O)c1,-0.2409,-0.0423,3.9149,1.08346,-0.3773,0.472803299,8.700955772,1.988542097,6.130450604,1.568192187,-1,4
CNC(=O)c1cc(F)cc(B(O)O)c1,-0.2572,-0.0566,4.0271,1.08324,-0.36048,0.472430581,7.535348823,1.790874605,6.834349367,1.569304688,-1,10
CNC(=O)c1ccc(B(O)O)cn1,-0.2547,-0.0654,4.9558,1.0784,-0.41511,0.471982156,10.06342841,2.305866669,3.255706104,1.578308531,-1,9
CNS(=O)(=O)c1ccc(B(O)O)cc1F,-0.2829,-0.074,4.0424,1.08144,-0.34417,0.473007128,8.695853768,2.27892143,4.530396209,1.582089978,-1,1
COc1c(C)cccc1B(O)O,-0.2393,-0.0219,0.7153,1.10272,-0.40848,0.518769801,7.013104922,2.106768737,5.197836416,1.571436842,-1,3
COc1cc(B(O)O)cnc1OC,-0.2265,-0.0313,2.9449,1.07889,-0.43879,0.472500466,8.874459218,2.121689048,5.334946191,1.571441456,-1,-1
COc1cc(C)c(B(O)O)cn1,-0.2285,-0.0212,3.2477,1.08237,-0.46595,0.49889932,8.74838787,1.979365994,4.389301094,1.558542955,-1,6
COc1ccc(B2OC(C)(C)C(C)(C)O2)cc1S(N)(=O)=O,-0.2411,-0.0407,7.3337,1.09081,-0.41004,0.64840547,9.054784434,3.223032932,5.577652806,1.547393951,-1,1
COc1ccc(F)c(B(O)O)c1,-0.2289,-0.0391,2.544,1.07671,-0.42599,0.490000699,7.745221988,1.794280365,4.772217217,1.573403091,-1,1
COc1ccc(O)c(B2OC(C)(C)C(C)(C)O2)c1,-0.1978,-0.0291,4.6587,1.09463,-0.46889,0.66859043,6.923009736,3.202162362,5.512647725,1.539579245,-1,6
Cc1cc(-c2ccccc2)ccc1B1OC(C)(C)C(C)(C)O1,-0.2264,-0.0435,2.1007,1.10148,-0.40234,0.677308517,11.25681596,3.167058954,4.411129127,1.554125847,-1,2
Cc1cc(B(O)O)ccc1O,-0.2279,-0.0197,2.6758,1.08071,-0.41246,0.472954715,7.656677656,1.778183099,4.551881346,1.561102863,-1,4
Cc1cc(C)n(Cc2ccc(B3OC(C)(C)C(C)(C)O3)cc2)n1,-0.2315,-0.0333,3.3147,1.09525,-0.39191,0.649279025,10.57521114,3.239499553,6.345604883,1.550616926,-1,0
Cc1ccc(B2OC(C)(C)C(C)(C)O2)c(C)c1,-0.2338,-0.0257,1.6468,1.1005,-0.41117,0.676423313,7.984532624,3.20279555,4.409041929,1.553068091,-1,6
Cc1cccc(B(O)O)c1O,-0.224,-0.0205,2.1755,1.09344,-0.42051,0.49900997,7.119405212,2.09225821,4.280079383,1.571128716,-1,8
N#Cc1cc(F)cc(B(O)O)c1,-0.2874,-0.0828,2.4886,1.08309,-0.35448,0.4732459,6.997113917,1.998406774,4.987607413,1.583406261,-1,10
N#Cc1ccc(B(O)O)cc1,-0.2764,-0.0755,4.66,1.08048,-0.35587,0.472319931,8.925665861,1.7,3.320560881,1.572528047,-1,0
OB(O)c1cc(F)cc(F)c1F,-0.2628,-0.0578,0.6475,1.0766,-0.40439,0.49006476,6.988906054,1.7,3.87476572,1.577443821,-1,5
OB(O)c1cccc(F)c1F,-0.2708,-0.0553,4,1.07663,-0.42311,0.489534802,7.011012787,1.77534716,3.853067964,1.589818893,-1,5
OB(O)c1cccc2ncccc12,-0.2409,-0.0643,2.2592,1.08952,-0.35676,0.502259597,6.990361345,1.939619128,5.695679431,1.571271439,-1,11
OCCc1ccc(B(O)O)cc1,-0.2529,-0.0327,4.8975,1.08098,-0.39207,0.472861536,9.108946585,1.956989901,3.967005222,1.574449463,-1,0
B1(OC(C(O1)(C)C)(C)C)C2=C(C=C(C=C2)N)F,-0.2129,-0.0168,1.9019,1.08523,-0.49575,0.666412365,7.774905963,3.183610762,3.992169615,1.545918365,-1,9
B1(OC(C(O1)(C)C)(C)C)C2=CCOCC2,-0.2457,-0.0176,2.9944,1.0882,-0.37176,0.648982016,6.277727041,3.177475561,3.915536411,1.54890171,-1,3
CC1(C)OB(c2cc(O)cc3ccccc23)OC1(C)C,-0.2065,-0.0494,3.8247,1.10525,-0.35119,0.674216129,7.228216307,3.189405015,5.685607741,1.55830347,-1,11
CC1(C)OB(c2ccc(CN3CCOCC3)c(F)c2)OC1(C)C,-0.2221,-0.0388,3.7478,1.09369,-0.37067,0.648993664,10.98273438,3.213262474,5.559714185,1.552171036,29,29
CC1(C)OB(c2ccc3c(c2)CC(=O)N3)OC1(C)C,-0.2237,-0.0312,4.2433,1.09372,-0.41042,0.650076873,9.043483182,3.19937437,4.197402831,1.546317555,28,28
CC1(C)OB(c2ccc3c(c2)CCC(=O)N3)OC1(C)C,-0.2242,-0.035,4.6426,1.09294,-0.40528,0.648993664,9.679894179,3.198636793,4.470045222,1.546819554,-1,12
CCc1ccc(B(O)O)cc1,-0.2552,-0.0331,3.7224,1.08099,-0.39419,0.473012952,9.070675047,1.941130364,3.329817164,1.574629438,0,0
CCn1cc(B(O)O)cn1,-0.2567,-0.0069,4.2214,1.0712,-0.51252,0.463101006,8.126463312,2.002178293,3.799856657,1.558461146,19,19
CN(C)c1ncc(B(O)O)cn1,-0.2249,-0.0458,3.9259,1.07275,-0.52876,0.470316577,8.607418173,2.0484443,3.250594729,1.565802593,21,21
COc1c(C)cc(B(O)O)cc1C,-0.2462,-0.029,3.9397,1.08297,-0.38488,0.473630265,8.989824127,2.12510797,4.467627558,1.573554351,-1,-1
COc1c(F)ccc(B(O)O)c1F,-0.2658,-0.0469,2.8129,1.07651,-0.44792,0.489406681,7.613563184,1.773626949,5.18713959,1.586880638,17,17
COc1cc(F)c(B(O)O)c(F)c1,-0.2346,-0.0174,1.4624,1.08877,-0.51325,0.514040952,9.076971103,2.139256032,3.829560239,1.569693885,26,26
COc1ccc(-c2ccc(B(O)O)cc2)cc1,-0.2159,-0.0423,1.9698,1.08025,-0.39031,0.472500466,13.37957338,2.096211875,3.377051764,1.564335414,-1,2
COc1ccc(B(O)O)c(C)c1,-0.2302,-0.0183,3.8304,1.09029,-0.43056,0.507652348,9.008408911,2.490043963,4.41588813,1.576070937,6,6
COc1ccc(B(O)O)cn1,-0.2405,-0.0287,1.0761,1.07785,-0.45634,0.471661852,8.885113036,1.806511427,3.25219536,1.561239082,9,9
COc1ccc(B2OC(C)(C)C(C)(C)O2)cc1F,-0.2256,-0.0247,3.0573,1.09333,-0.40459,0.64966339,9.047092932,3.203766342,3.91534299,1.546579548,1,1
COc1ccccc1B(O)O,-0.2403,-0.0365,4.8383,1.07503,-0.41751,0.493663809,6.998666368,1.79755245,5.476867228,1.587499746,3,3
COc1cncc(B2OC(C)(C)C(C)(C)O2)c1,-0.2332,-0.0386,2.4585,1.09224,-0.4095,0.648696655,7.838193694,3.201810114,4.499612399,1.552711923,14,14
Cc1c(C#N)cccc1B(O)O,-0.2749,-0.0645,3.1684,1.09177,-0.38499,0.512200662,7.21319418,2.312026281,4.731601466,1.585162965,-1,8
Cc1c(F)cccc1B(O)O,-0.2375,-0.0321,3.8918,1.09351,-0.37676,0.498340244,6.962310835,1.748126918,4.352518842,1.571309802,8,8
Cc1cc(B(O)O)ccc1C#N,-0.2761,-0.0765,1.2295,1.08128,-0.34992,0.473321608,8.928823209,1.977566152,4.503636874,1.580469392,13,13
Cc1cc(F)c(B2OC(C)(C)C(C)(C)O2)cc1F,-0.241,-0.0404,1.6755,1.08579,-0.43636,0.665608694,8.009910026,3.200558012,4.000040503,1.55533056,25,25
Cc1cc(F)cc(B(O)O)c1,-0.2501,-0.0409,0.6066,1.08352,-0.35549,0.473222605,6.965588788,1.742253213,4.529112488,1.568790387,10,10
Cc1ccc(B(O)O)s1,-0.2426,-0.0422,3.9997,1.06747,-0.5487,0.473915626,7.653985565,1.869233301,3.324886652,1.563310866,20,20
Cc1ccc2cc(B(O)O)ccc2n1,-0.2461,-0.0675,3.3809,1.08168,-0.38361,0.473572028,10.07443764,1.94624199,4.459534592,1.576048146,15,15
Cc1cccc(B(O)O)c1,-0.2473,-0.0304,1.1952,1.08293,-0.37718,0.473374022,6.959425566,1.708385706,4.52025246,1.566593563,4,4
Cc1ncccc1B(O)O,-0.246,-0.0362,4.3167,1.08498,-0.42824,0.498555721,6.898098025,1.78301421,4.359569949,1.565383699,22,22
Cn1ncc2cc(B(O)O)ccc21,-0.2318,-0.0475,3.7374,1.08229,-0.40902,0.474567881,9.23181991,2.026034997,4.33212026,1.573567564,27,27
N#Cc1ccc(B(O)O)cc1C(F)(F)F,-0.2974,-0.0967,3.2848,1.08051,-0.3473,0.47293142,8.942121183,1.991893512,5.069192663,1.583488189,-1,13
O=C(NC1CC1)c1ccc(B(O)O)cc1,-0.2524,-0.0564,4.0872,1.08147,-0.36821,0.472925596,11.27489981,2.234788715,4.230293328,1.568558414,18,18
O=C(O)CCc1ccc(B(O)O)cc1,-0.2439,-0.0271,3.5288,1.08306,-0.38876,0.472442229,10.81342757,1.7,4.423707795,1.559195542,-1,0
O=[N+]([O-])c1ccc(F)c(B(O)O)c1,-0.2864,-0.1012,2.6373,1.08344,-0.42198,0.491235324,7.512560491,1.937772911,5.062117557,1.577640916,-1,5
OB(C1C=C2C(C=NN2)=CC=1)O,-0.2381,-0.0537,1.7522,1.08277,-0.37127,0.474789182,8.149497988,1.964989858,4.238158978,1.576469431,-1,1
OB(O)C1=CCCC1,-0.2458,-0.0158,1.4636,1.06949,-0.38216,0.46854617,6.143376851,2.139832292,3.231310223,1.556277741,30,-1
OB(O)c1cc(F)ccc1F,-0.253,-0.0475,1.3186,1.08446,-0.41684,0.492761135,6.98896636,1.980276094,3.890599979,1.574611132,5,5
OB(O)c1cc(F)ccc1OCc1ccccc1,-0.2396,-0.0473,4.4599,1.07593,-0.39464,0.502148947,7.004766766,1.809709895,9.011824803,1.590037143,-1,7
OB(O)c1ccc(-c2ccccc2)cc1,-0.2404,-0.0511,3.5594,1.08044,-0.38816,0.472791651,11.30841995,2.411132568,3.258301096,1.574807312,2,2
OB(O)c1ccc2c(c1)CC2,-0.2429,-0.029,1.7824,1.08236,-0.38277,0.474358228,7.837382806,1.920549754,3.761162924,1.565983727,12,12
OB(O)c1cccc(OCc2ccccc2)c1,-0.2295,-0.0318,2.0655,1.08423,-0.36739,0.473240076,10.3202377,1.805749499,8.920838957,1.568029817,7,7
OB(O)c1cccc2ccccc12,-0.2143,-0.0473,2.7756,1.0919,-0.3663,0.498421776,7.258139919,1.700703779,5.687784774,1.568805548,11,11
OCc1cccc(B(O)O)c1,-0.2531,-0.033,5.0408,1.08178,-0.37603,0.473438082,6.973906325,1.937175677,5.54915576,1.57624128,-1,4