reactant_1&smiles,HOMO,LUMO,dipole,NBO_Br,NBO_C,Vbur,L,B1,B5,CBr_length
CC1=C(N2CCCC2=O)C=CC(Br)=C1,-0.2375,-0.0287,4.6092,0.05129,-0.07461,0.234072167,10.5289369,2.694313077,4.466884877,1.916976361
CN1C=NC=C(C1=O)Br,-0.2482,-0.0657,3.6925,0.09917,-0.22727,0.253872764,7.307888585,1.775319079,4.235719564,1.896653733
CC1=C(C(=NN1C(C)C)N)Br,-0.2054,0.0074,2.3666,0.04826,-0.24714,0.26301598,8.519314486,2.57125681,4.294493468,1.894610725
C1CON=C1C2=CC=C(C=C2)Br,-0.2309,-0.0599,3.386,0.05878,-0.08095,0.234066344,10.69813359,1.866272728,3.252899004,1.915198975
C1=NC(=C(NC1=O)Cl)Br,-0.25,-0.094,2.0663,0.09073,0.00926,0.261461051,7.851920658,1.716831578,4.508411802,1.904367992
Cc1c(Br)cnc2[nH]ccc12,-0.229,-0.0403,3.3331,0.03975,-0.14328,0.269165813,8.813817636,1.78668549,4.455063454,1.922156039
COc1ccc(-c2nnc(Br)o2)cc1,-0.2334,-0.0566,4.3747,0.13463,0.39358,0.215279072,11.24279537,1.7,6.567436662,1.8671268
CC(=O)N1CCCc2cc(Br)ccc12,-0.2295,-0.034,1.4059,0.05219,-0.08488,0.234037225,10.0781079,2.24729993,4.513994029,1.916539709
CN1C=C(C)C=C(Br)C1=O,-0.2203,-0.0537,5.3897,0.08674,-0.17195,0.25647596,7.383098793,1.959589223,4.320193339,1.901404201
Brc1cccc2nccn12,-0.2238,-0.0504,2.2036,0.08686,0.13124,0.260663204,7.278218552,1.7,5.481107273,1.900290495
C1C2C(=O)C=C(N3CCN(C(=O)C)CC3)OC=2C(Br)=CC=1C,-0.2272,-0.0544,2.4294,0.06572,-0.11085,0.273521944,7.892521589,2.103286429,11.02444072,1.911854185
CC(C)(C)OC(=O)N1CCN2C(=NC=C2Br)C1,-0.2268,-0.0096,4.8569,0.08255,0.01427,0.251077385,8.892995423,1.908914667,9.716811672,1.884010373
C1C2N(C(C)C)C(SC)=NC=2C(F)=CC=1Br,-0.2204,-0.0303,4.2352,0.05265,-0.07206,0.235842574,11.34018,2.121371608,6.588752897,1.91898433